layer1,layer2,hidden1,hidden2,val_acc,test_acc
19,29,1000,430,0.842105260021,0.657883959165
21,29,1000,470,0.855263154758,0.641010436234
19,30,1020,430,0.868421049494,0.648191506813
21,29,1020,430,0.855263154758,0.639820242079
20,29,980,470,0.842105260021,0.648213339316
